{
  "6": {
    "value": "9",
    "version": 1,
    "timestamp": 1752530491.4073951,
    "expiry": 1752530501.4073951
  },
  "9": {
    "value": "6",
    "version": 2,
    "timestamp": 1752531220.704709,
    "expiry": 1752531230.704709
  },
  "7": {
    "value": "3",
    "version": 2,
    "timestamp": 1752531535.8673851,
    "expiry": null
  },
  "5": {
    "value": "6",
    "version": 1,
    "timestamp": 1752531544.418891,
    "expiry": null
  },
  "3": {
    "value": "6",
    "version": 8,
    "timestamp": 1752531625.1835551,
    "expiry": 1752531635.1835551
  }
}